title,content,cover,url
浙商银行北京分行：金融活水“浙”样润泽千企万家,"【环球网财经综合报道】金融之水，唯善方能长流；普惠之道，唯实方能致远。从连锁酒店到科创企业，从戈壁荒漠到社区医院，浙商银行北京分行的普惠金融实践，展现了一幅金融与实体经济共生共荣的生动图景。截至目前，该行累计服务小微企业及个人经营者客户超万家，累计投放资金超千   亿。
金融向善：普惠理念深植沃土
近年来，浙商银行北京分行将普惠金融作为战略重点，成立支持小微企业融资协调工作机制专班，针对小微企业融资难题，制定差异化解决方案，确保金融资源能够真正惠及最需要的企业。全面开展“千企万户大走访”专项行动，深入了解小微企业真实需求，全面加大对小微企业和个体工商户的信贷投放，以金融活水精准灌溉实体经济中最需要滋养的领域。
在民生消费领域，该行聚焦与衣食住行紧密相关的细分行业，持续探索小微企业服务创新模式。
北京一家企业管理有限公司就是受益者之一。公司负责人周老板在北京经营多年，旗下拥有5家连锁酒店和2家长租公寓，为超过100名员工提供了工作岗位，其中八成以上是来自全国各地的新市民。
在2020至2022年行业困难时期，周老板坚持不裁一员，哪怕营收下滑，也按时足额发放工资，守护着员工和他们背后的家庭。随着市场回暖，他为扩大经营、吸纳更多就业，新加盟了两家连锁酒店，却因前期投入较大，面临短期资金周转的难题。
[IMAGE:https://img.huanqiucdn.cn/dp/api/files/imageDir/e45f055a41e0bfddf71aa1e0b94e9eddu1.png?imageView2/2/w/1260&xtimestamp=1762121215&rand=xhvF8NaxvET040RB&sign=a7d63f7ef6fd96ccbe94bab0e8c38240]
浙商银行北京分行客户经理在走访中了解到企业困境后，迅速为其匹配了酒店专属集群产品。该产品额度灵活、审批高效、无需抵押，很快便为企业完成了200万元信用授信审批。
这笔资金不仅稳定了新店的运营，也保障了员工队伍的稳定。一位来自河北的客房服务员感慨道：“现在店里生意好了，每个月能多给老家寄几百块钱。”周老板也表示，将面向新市民开展新一轮招聘，让金融支持的暖意持续传递。
绿色金融：护航生态梦想成真
普惠金融的视野，从不局限于城市烟火，更投向关乎民族永续发展的绿色事业。
在内蒙古最西端的额济纳旗，来自北京昌平的王建刚，用九年时间在这片“沙尘暴发源地”上种下了31万亩梭梭树，每年绿化戈壁滩超5万亩。
[IMAGE:https://img.huanqiucdn.cn/dp/api/files/imageDir/3a354fd6a627ac6c325b8dc3112c9875u1.png?imageView2/2/w/1260&xtimestamp=1762121215&rand=o7XKIKj0uxNg9LlS&sign=5594c58d1c5c8762c6ced91e561d790c]
[IMAGE:https://img.huanqiucdn.cn/dp/api/files/imageDir/bdff65c462df281d2e03af76cf213d34u1.png?imageView2/2/w/1260&xtimestamp=1762121215&rand=hClqFGKhkkvmQvc6&sign=9c75584c3b651096122f10f80aca36b3]
时间回溯到2015年，已年过半百的他，在一次考察中被当地风沙肆虐的景象所震撼，毅然投入全部积蓄，开始了治沙征程。然而，严酷的自然环境让传统种植模式屡屡受挫，资金像水渗入沙漠一样快速消耗。在他最需要支持的时候，浙商银行北京分行看到了这份绿色事业的坚守，毅然伸出援手，开启了近十年的金融护航。
在分行资金持续支持下，王建刚潜心技术攻关，研发出“平茬法”梭梭种植技术，使种植期从每年45天延长到240天，成活率提升至90%以上。他还利用当地丰富的光照资源，推广光伏发电滴灌技术，并自建滴灌管道生产线，将管道使用年限从3年大幅延长至10年以上。
在北京分行资金的精准“灌溉”下，绿色梦想一步步照进现实。2018年起，王建刚的事业进入新阶段，他在梭梭林下嫁接肉苁蓉，实现从生态效益向经济效益的转化，并采用“公司+基地+农牧民”模式，带动当地农牧民增收，走出了一条生态与经济双向奔赴的道路。
截至目前，北京分行累计为王建刚授信2870万元，浩林合作社已种植梭梭树31万亩，接种肉苁蓉12万亩。因其突出贡献，王建刚被授予“全国防沙治沙先进个人”称号。
链式金融：精准滴灌实现共赢
供应链金融作为解决小微企业融资难题的路径之一，构成了普惠金融体系的重要组成部分。
浙商银行近年来持续创新，构建“行业化+嵌入式”的供应链金融服务模式，致力于打通产业链上下游中小微企业在融资过程中的堵点。该行通过与核心企业合作，实现对小微主体的“精准滴灌”，推动银企共赢。
每年秋季棉花丰收。但由于棉花是大宗商品，单笔贸易结算资金量较大，销售商需集中向中棉集团采购并预付大额货款，资金压力显著。浙商银行北京分行围绕“从棉到衣”的产业链条，依托“产业场景+数字金融”，落地“订单通”业务，累计为企业提供5000万元信用授信，专项用于棉花采购，最快实现当天放款，有效缓解企业资金周转压力。
[IMAGE:https://img.huanqiucdn.cn/dp/api/files/imageDir/193a645cacbec10851c348df6f156382u1.png?imageView2/2/w/1260&xtimestamp=1762121215&rand=iKsQfB2ohn5rN16g&sign=563fcade79a1df266eac00d7288d1b88]
而在粮食交易领域，北京分行积极贯彻助农惠农理念，自2019年成为国家粮食和物资储备局粮食交易协调中心的资金监管银行以来，针对政策粮和贸易粮平台业务，定制“富农通”“惠农通”产品。六年来，运用供应链金融服务中小微粮企累计超400家，政策粮贷款投放超50亿元，有力支持粮食产业链稳健发展，助推共同富裕。
科创赋能：伴飞企业跨越成长
科技型企业由于研发投入周期长、资金需求量大，在成长过程中需要稳定且持续的资金支持。浙商银行“小微科创贷”紧密贴合科技型企业轻资产、重研发、高成长的特点，支持企业从初创期到成熟期不同发展阶段的多元化金融需求。
[IMAGE:https://img.huanqiucdn.cn/dp/api/files/imageDir/2f80e5fc87101d9dfcb7b691b4080c07u1.png?imageView2/2/w/1260&xtimestamp=1762121215&rand=RgRDMHIeu0MIQY5g&sign=bc77c351510be534ce47220deb9545c6]
康明克斯（北京）环保技术有限公司，作为固废再利用领域的开拓者及领航者，虽拥有35项发明及实用新型专利，但因“三高两无”特征明显，不符合银行传统审查标准，在技术升级和产能扩张时遭遇融资障碍。
浙商银行北京分行践行善本金融理念，从实控人及创始团队履历背景、企业技术优势、上下游业务经营特点等多个维度，为企业量身定制授信方案。2025年2月，浙商银行北京分行为康明克斯发放“小微科创贷”300万元，帮助企业解决了阶段性困难。
获得支持后，企业产值、效能得到较大提升，一季度实现营收8000万元，较去年同期增长60%，营业利润增长850%。
善热科技（北京）有限公司是北京市认定的“专精特新”中小企业，专注于节能换热器、热能利用系统的研发。
浙商银行北京分行客户经理深入了解了企业的技术优势及经营模式，一周之内就为其发放了首笔信用类贷款。“我们希望能成为企业的‘合伙人’，为企业提供长期的陪伴式服务”，浙商银行北京城市副中心分行小企业一部经理张晓杰说。
暖心服务：传递金融温度力量
浙商银行北京分行始终秉持善本金融理念，将更多信贷资源高效、便捷地投向“善”的客户，特别是那些承担社会责任的医疗机构和养老服务企业。
惠佳丰健康产业集团长期坚守“以社会所需、民众所缺为企业所做”的理念，全心服务病弱孤寡老人。2024年，企业中标某医院医疗辅助服务项目，但由于医院回款账期较长，面临短期支付一线医疗护理员、后勤人员及社区养老服务人员工资的压力。
[IMAGE:https://img.huanqiucdn.cn/dp/api/files/imageDir/ad4bb3d009dccf22c329771d177ff0bau1.png?imageView2/2/w/1260&xtimestamp=1762121215&rand=OihAsw3mTyQvnf8w&sign=d14968d225dad65bea48aa558baa0fba]
了解到企业困难后，浙商银行北京分行快速响应，凭借“中征政采贷”无抵押、线上化、审批高效的优势，及时为企业发放1000万元普惠贷款。这不仅是一笔雪中送炭的资金，更是对民生守护者的支持，确保了医疗护理和社区养老服务的稳定运行。
营口老年关怀医院，在疫情期间坚持不开除员工，始终为老年群体提供无微不至的照护，在当地有良好口碑。但当医院在采购一台价值120万元的CT设备时，却遇到资金难题。浙商银行北京分行为该医院量身定制融资方案，医院自有资金承担设备款的15%，其余85%由浙商银行北京分行贷款支持。
[IMAGE:https://img.huanqiucdn.cn/dp/api/files/imageDir/463faf08b39d7d05c9ef434a922c96d3u1.png?imageView2/2/w/1260&xtimestamp=1762121215&rand=ecco9iSbDOfRUV3s&sign=4daa62be7b693c72f1b90c9bd7e679df]
西安临潼民康医养结合医院因地处交通要道，村庄多，居民多，车流量大，附近经常发生交通事故，医院长期承担急诊救护任务，设备使用超负荷急需更新。浙商银行北京分行了解医院实际情况后，认为其承担了较大社会责任，正是浙商银行重点支持的客户类型，因此决定为其提供更适合企业的融资方案。
放款前一天，厂商、医院和银行三方加班合作，确保资金及时到位。“感谢浙商银行金融顾问的专业和善意，让我们及时购入新设备，能为周边居民提供更好的医疗服务”，该院王院长说。
金融活水所到之处，生机勃勃，希望绽放。浙商银行北京分行的普惠金融实践，已超越简单的信贷支持，成为陪伴企业成长、助力产业升级、服务社会民生的温暖力量。
展望未来，浙商银行北京分行表示将继续深耕普惠金融，不断优化产品与服务，将金融活水精准滴灌至千企万家，为服务国家战略、润泽社会民生贡献不竭的金融力量。（一言）",https://img.huanqiucdn.cn/dp/api/files/imageDir/e45f055a41e0bfddf71aa1e0b94e9eddu1.png,https://finance.huanqiu.com/article/4Ox2cVt88xU
